channel_name,total_videos,primary_theme,theme_breakdown
etthehiphoppreacher,147,Discipline / Mindset,Discipline / Mindset:147
BIG OSS Jiu-Jitsu Channel,76,Brazilian Jiu-Jitsu,Brazilian Jiu-Jitsu:76
Bernardo Faria BJJ Fanatics,53,Brazilian Jiu-Jitsu,Brazilian Jiu-Jitsu:53
ROYDEAN,49,Brazilian Jiu-Jitsu,Brazilian Jiu-Jitsu:49
Knight Jiu-Jitsu,48,Brazilian Jiu-Jitsu,Brazilian Jiu-Jitsu:48
JonThomasBJJ,44,Brazilian Jiu-Jitsu,Brazilian Jiu-Jitsu:44
The Art of Skill,39,Brazilian Jiu-Jitsu,Brazilian Jiu-Jitsu:23; Discipline / Mindset:16
Jordan Teaches Jiujitsu,38,Brazilian Jiu-Jitsu,Brazilian Jiu-Jitsu:38
BJJ Globetrotters in Action,38,Brazilian Jiu-Jitsu,Brazilian Jiu-Jitsu:38
The Grappling Academy,31,Brazilian Jiu-Jitsu,Brazilian Jiu-Jitsu:31
Jocko Podcast,30,Leadership / Military,Leadership / Military:26; Discipline / Mindset:4
CVBJJ Online,29,Brazilian Jiu-Jitsu,Brazilian Jiu-Jitsu:29
Chewjitsu,24,Brazilian Jiu-Jitsu,Brazilian Jiu-Jitsu:24
Paul Elam,22,Philosophy / Masculinity,Philosophy / Masculinity:22
ATHLEAN-X™,22,Health / Fitness,Health / Fitness:22
Dubious Dom,21,Brazilian Jiu-Jitsu,Brazilian Jiu-Jitsu:21
JonThomasBJJ Plus,20,Brazilian Jiu-Jitsu,Brazilian Jiu-Jitsu:20
Video Advice,19,Discipline / Mindset,Discipline / Mindset:19
Valuetainment,19,Business / Marketing,Business / Marketing:13; Finance / Wealth:5; Podcasts:1
Redacted,17,Politics / News,Politics / News:17
jidapon,16,Discipline / Mindset,Discipline / Mindset:16
Stephan Kesting,15,Brazilian Jiu-Jitsu,Brazilian Jiu-Jitsu:15
Benjamin - Der Deutschlehrer,15,German Language,German Language:15
WeAreChange,15,Politics / News,Politics / News:14; Finance / Wealth:1
Chris Bossio,14,Barber / Craft,Barber / Craft:14
Matt Arroyo Jiu Jitsu ,14,Brazilian Jiu-Jitsu,Brazilian Jiu-Jitsu:14
Tristar Gym,14,Brazilian Jiu-Jitsu,Brazilian Jiu-Jitsu:9; Other:4; Philosophy / Masculinity:1
Andy Frisella,14,Discipline / Mindset,Discipline / Mindset:14
Josh Saunders ,14,Brazilian Jiu-Jitsu,Brazilian Jiu-Jitsu:14
YOUTUBE BARBER ACADEMY,13,Barber / Craft,Barber / Craft:13
BJJ Fanatics,13,Brazilian Jiu-Jitsu,Brazilian Jiu-Jitsu:13
SGTreport,13,Politics / News,Politics / News:13
Malachy Friedman,13,Brazilian Jiu-Jitsu,Brazilian Jiu-Jitsu:8; Other:3; Music:2
360Jeezy,13,Barber / Craft,Barber / Craft:13
Bedros Keuilian,12,Business / Marketing,Business / Marketing:9; Discipline / Mindset:3
Evan Carmichael,12,Discipline / Mindset,Discipline / Mindset:9; Business / Marketing:3
Brian Glick,12,Brazilian Jiu-Jitsu,Brazilian Jiu-Jitsu:11; Other:1
Meek Mill,11,Music,Music:11
Project Veritas,11,Politics / News,Politics / News:11
The BJJ Project,11,Brazilian Jiu-Jitsu,Brazilian Jiu-Jitsu:11
The Grapplers Guide by Jason Scully,11,Brazilian Jiu-Jitsu,Brazilian Jiu-Jitsu:11
Chris Voss & The Black Swan Group,11,Business / Marketing,Business / Marketing:9; Other:1; Finance / Wealth:1
Jedi Does Jiujitsu,10,Brazilian Jiu-Jitsu,Brazilian Jiu-Jitsu:10
Brandon Mccaghren,10,Brazilian Jiu-Jitsu,Brazilian Jiu-Jitsu:10
RWBJJ,10,Brazilian Jiu-Jitsu,Brazilian Jiu-Jitsu:10
GracieBreakdown,10,Other,Other:5; Brazilian Jiu-Jitsu:5
Comedy Crackhead,10,Comedy / Entertainment,Comedy / Entertainment:10
Will Brooks Official,10,Brazilian Jiu-Jitsu,Brazilian Jiu-Jitsu:10
BJJ4Breakfast,9,Brazilian Jiu-Jitsu,Brazilian Jiu-Jitsu:9
Wrestling University - Takedowns for Jiu Jitsu,9,Brazilian Jiu-Jitsu,Brazilian Jiu-Jitsu:9
Dr. Eric Berg DC,9,Health / Fitness,Health / Fitness:4; Other:3; Discipline / Mindset:1
TEDx Talks,9,Other,Other:3; Philosophy / Masculinity:3; Discipline / Mindset:1
Jordan B Peterson,9,Philosophy / Masculinity,Philosophy / Masculinity:3; Other:2; Spiritual / Faith:2
Echelon Front,9,Leadership / Military,Leadership / Military:4; Business / Marketing:4; Philosophy / Masculinity:1
GaryVee,9,Business / Marketing,Business / Marketing:8; Music:1
Learn German,9,German Language,German Language:9
Motiversity,8,Discipline / Mindset,Discipline / Mindset:7; Health / Fitness:1
CorePRO BJJ,8,Brazilian Jiu-Jitsu,Brazilian Jiu-Jitsu:8
Ed Mylett,8,Discipline / Mindset,Discipline / Mindset:8
Grace For Purpose,8,Spiritual / Faith,Spiritual / Faith:6; Discipline / Mindset:2
Motivation Madness,8,Discipline / Mindset,Discipline / Mindset:8
Fearless Soul,8,Discipline / Mindset,Discipline / Mindset:6; Brazilian Jiu-Jitsu:1; Philosophy / Masculinity:1
The Potter’s House of Dallas,8,Spiritual / Faith,Spiritual / Faith:8
Tom Bilyeu,8,Podcasts,Podcasts:3; Discipline / Mindset:3; Finance / Wealth:1
Glenn Beck,8,Politics / News,Politics / News:6; Spiritual / Faith:1; Podcasts:1
Nick Mavrick,7,Brazilian Jiu-Jitsu,Brazilian Jiu-Jitsu:7
XtinaAguileraLyrics,7,Music,Music:7
Keenan Cornelius,7,Brazilian Jiu-Jitsu,Brazilian Jiu-Jitsu:7
MMA Leech,7,Brazilian Jiu-Jitsu,Brazilian Jiu-Jitsu:7
Chasen Hill,7,Brazilian Jiu-Jitsu,Brazilian Jiu-Jitsu:7
Brandon Reed BJJ,7,Brazilian Jiu-Jitsu,Brazilian Jiu-Jitsu:7
Be Inspired,7,Other,Other:5; Spiritual / Faith:1; Podcasts:1
RehabFix,7,Health / Fitness,Health / Fitness:4; Other:3
Bulletproof For BJJ,7,Brazilian Jiu-Jitsu,Brazilian Jiu-Jitsu:7
Judicial Watch,7,Politics / News,Politics / News:4; Other:2; Finance / Wealth:1
Its Kieron Price,7,Barber / Craft,Barber / Craft:7
Josh Presley,6,Brazilian Jiu-Jitsu,Brazilian Jiu-Jitsu:6
Espen Mathiesen,6,Brazilian Jiu-Jitsu,Brazilian Jiu-Jitsu:6
Alec Baulding,6,Brazilian Jiu-Jitsu,Brazilian Jiu-Jitsu:6
FloGrappling,6,Brazilian Jiu-Jitsu,Brazilian Jiu-Jitsu:6
Aaron Benzrihem bjj,6,Brazilian Jiu-Jitsu,Brazilian Jiu-Jitsu:6
Dragonwarriorbjj,6,Brazilian Jiu-Jitsu,Brazilian Jiu-Jitsu:6
Wings Like Eagles,6,Discipline / Mindset,Discipline / Mindset:3; Spiritual / Faith:2; Business / Marketing:1
Proctor Gallagher Institute,6,Other,Other:3; Finance / Wealth:3
Jordan Peterson Rules for Life,6,Discipline / Mindset,Discipline / Mindset:3; Philosophy / Masculinity:2; Other:1
TeachMeGrappling Coach Brian,6,Brazilian Jiu-Jitsu,Brazilian Jiu-Jitsu:6
Sky News Australia,6,Politics / News,Politics / News:6
Listen My Son ,6,Philosophy / Masculinity,Philosophy / Masculinity:5; Other:1
Warrior Jiujitsu,5,Brazilian Jiu-Jitsu,Brazilian Jiu-Jitsu:5
Third Way BJJ,5,Brazilian Jiu-Jitsu,Brazilian Jiu-Jitsu:5
Mississippi Hip Hop,5,Music,Music:4; Philosophy / Masculinity:1
Bite-sized Philosophy,5,Discipline / Mindset,Discipline / Mindset:3; Other:2
The Grapple Lab,5,Brazilian Jiu-Jitsu,Brazilian Jiu-Jitsu:5
Johnny Jitsu,5,Brazilian Jiu-Jitsu,Brazilian Jiu-Jitsu:5
Jiujithsu,5,Brazilian Jiu-Jitsu,Brazilian Jiu-Jitsu:5
Atos Jiu-Jitsu HQ | World's Best BJJ Academy - Home Page,5,Brazilian Jiu-Jitsu,Brazilian Jiu-Jitsu:5
Absolute MMA St Kilda - Melbourne,5,Brazilian Jiu-Jitsu,Brazilian Jiu-Jitsu:3; Other:2
Nathan Yun,5,Other,Other:4; History / Documentary:1
Let's Become Successful,5,Discipline / Mindset,Discipline / Mindset:5
FightMediocrity,5,Philosophy / Masculinity,Philosophy / Masculinity:2; Discipline / Mindset:2; Health / Fitness:1
Seancutshair,5,Barber / Craft,Barber / Craft:5
Precision MMA ,5,Other,Other:2; Discipline / Mindset:1; Brazilian Jiu-Jitsu:1
Stoic Wisdom Quotes,5,Discipline / Mindset,Discipline / Mindset:5
Kobe Bryant Motivation & Stories,5,Comedy / Entertainment,Comedy / Entertainment:2; Discipline / Mindset:1; Health / Fitness:1
WordToTheWise,5,Discipline / Mindset,Discipline / Mindset:5
Less Impressed More Involved BJJ,5,Brazilian Jiu-Jitsu,Brazilian Jiu-Jitsu:5
JeanJacquesMachado,5,Brazilian Jiu-Jitsu,Brazilian Jiu-Jitsu:5
Dan Peña,5,Discipline / Mindset,Discipline / Mindset:5
Newsmax,5,Politics / News,Politics / News:5
virgOyodA,5,Philosophy / Masculinity,Philosophy / Masculinity:5
London Real,5,Discipline / Mindset,Discipline / Mindset:3; Podcasts:1; Philosophy / Masculinity:1
GoBlack2Africa ,4,Other,Other:4
Psychware,4,Philosophy / Masculinity,Philosophy / Masculinity:4
Dan Lok,4,Business / Marketing,Business / Marketing:1; Other:1; Podcasts:1
CholoMMA,4,Other,Other:4
The One Minute Barber,4,Barber / Craft,Barber / Craft:4
RussVEVO,4,Music,Music:4
DirtyJonnyBJJ,4,Brazilian Jiu-Jitsu,Brazilian Jiu-Jitsu:4
Brian Owens Soul,4,Music,Music:4
Makeida,4,Discipline / Mindset,Discipline / Mindset:4
Big Think,4,Philosophy / Masculinity,Philosophy / Masculinity:2; Business / Marketing:1; Health / Fitness:1
Team Kuma Jiu-Jitsu,4,Brazilian Jiu-Jitsu,Brazilian Jiu-Jitsu:4
Stay Safe Martial Arts,4,Brazilian Jiu-Jitsu,Brazilian Jiu-Jitsu:4
Jiu Jitsu In Minutes by Jason Scully,4,Brazilian Jiu-Jitsu,Brazilian Jiu-Jitsu:4
Evolve Mixed Martial Arts,4,Brazilian Jiu-Jitsu,Brazilian Jiu-Jitsu:4
Habrok,4,Brazilian Jiu-Jitsu,Brazilian Jiu-Jitsu:4
BJJ Joe,4,Brazilian Jiu-Jitsu,Brazilian Jiu-Jitsu:4
Fading Culture,4,Other,Other:4
Kevin Stratvert,4,Tech / AI / Systems,Tech / AI / Systems:4
Codemasters,4,Other,Other:4
Malford Milligan - Topic,4,Music,Music:4
Captain Sinbad,4,Discipline / Mindset,Discipline / Mindset:3; Other:1
Jordan Peterson Fan Channel,4,Philosophy / Masculinity,Philosophy / Masculinity:3; Discipline / Mindset:1
WORKOUT,4,Health / Fitness,Health / Fitness:4
GrimFace Motivation,4,Discipline / Mindset,Discipline / Mindset:4
Prime Wrestling System,4,Brazilian Jiu-Jitsu,Brazilian Jiu-Jitsu:4
Ironclad Wrestling,4,Brazilian Jiu-Jitsu,Brazilian Jiu-Jitsu:3; Other:1
Gold BJJ,4,Brazilian Jiu-Jitsu,Brazilian Jiu-Jitsu:4
Dan Martell,4,Tech / AI / Systems,Tech / AI / Systems:2; Discipline / Mindset:1; Finance / Wealth:1
Grappling Archive,4,Brazilian Jiu-Jitsu,Brazilian Jiu-Jitsu:4
Statue of Wisdom,4,Discipline / Mindset,Discipline / Mindset:3; Other:1
MMABJJChamps,4,Brazilian Jiu-Jitsu,Brazilian Jiu-Jitsu:4
Energia Martial Arts,4,Brazilian Jiu-Jitsu,Brazilian Jiu-Jitsu:4
THE GRIM,4,Other,Other:3; Leadership / Military:1
SilverFoxBJJ,4,Brazilian Jiu-Jitsu,Brazilian Jiu-Jitsu:4
Chris Williamson,4,Podcasts,Podcasts:2; Discipline / Mindset:1; Finance / Wealth:1
Motivation2Study,4,Discipline / Mindset,Discipline / Mindset:4
Essential Truth,4,Philosophy / Masculinity,Philosophy / Masculinity:2; Other:1; Podcasts:1
LiveNOW from FOX,4,Politics / News,Politics / News:3; Finance / Wealth:1
Dan Bongino,4,Politics / News,Politics / News:3; Podcasts:1
Cult Of Black Phillip,4,Philosophy / Masculinity,Philosophy / Masculinity:4
FarFromWeak,3,Philosophy / Masculinity,Philosophy / Masculinity:3
My BJJ Journal,3,Brazilian Jiu-Jitsu,Brazilian Jiu-Jitsu:3
Dave Weihs,3,Philosophy / Masculinity,Philosophy / Masculinity:3
Ervin Pope,3,Music,Music:3
Proactive Thinker,3,Discipline / Mindset,Discipline / Mindset:3
Fox News,3,Politics / News,Politics / News:3
T.I.,3,Music,Music:3
dizflyboi562,3,Music,Music:3
PINT,3,Music,Music:3
Dan K Schroeder,3,Politics / News,Politics / News:3
E40TV,3,Music,Music:3
Thug Radio,3,Music,Music:3
August Alsina,3,Music,Music:3
Boriskbjj,3,Brazilian Jiu-Jitsu,Brazilian Jiu-Jitsu:3
A Voice For Men,3,Podcasts,Podcasts:1; Other:1; Philosophy / Masculinity:1
Thomas DeLauer,3,Health / Fitness,Health / Fitness:3
Luna Simao,3,Music,Music:3
lingoni GERMAN,3,German Language,German Language:3
Deutsch lernen durch Hören,3,German Language,German Language:3
God Tier Motivation,3,Discipline / Mindset,Discipline / Mindset:3
WorldMartialArts,3,Brazilian Jiu-Jitsu,Brazilian Jiu-Jitsu:3
DVG JIU JITSU,3,Brazilian Jiu-Jitsu,Brazilian Jiu-Jitsu:3
Mastermind Martial Arts,3,Brazilian Jiu-Jitsu,Brazilian Jiu-Jitsu:3
BJJ Cache,3,Brazilian Jiu-Jitsu,Brazilian Jiu-Jitsu:3
Henry Akins' Hidden Jiu-Jitsu,3,Brazilian Jiu-Jitsu,Brazilian Jiu-Jitsu:3
UFAF BJJ,3,Brazilian Jiu-Jitsu,Brazilian Jiu-Jitsu:3
PureFocused - Topic,3,Music,Music:3
HERMusicVEVO,3,Music,Music:3
Mind of Success,3,Discipline / Mindset,Discipline / Mindset:3
2nacheki,3,Politics / News,Politics / News:2; Discipline / Mindset:1
Meditation & Peace Gurus,3,Brazilian Jiu-Jitsu,Brazilian Jiu-Jitsu:3
Rise Above,3,Discipline / Mindset,Discipline / Mindset:3
Justin Gluska,3,Finance / Wealth,Finance / Wealth:3
MotivationHub,3,Discipline / Mindset,Discipline / Mindset:3
The Official Steve Harvey,3,Comedy / Entertainment,Comedy / Entertainment:3
Success Archive,3,Discipline / Mindset,Discipline / Mindset:2; History / Documentary:1
Better Chapter,3,Discipline / Mindset,Discipline / Mindset:2; Other:1
DontripVEVO,3,Music,Music:3
TED,3,Philosophy / Masculinity,Philosophy / Masculinity:1; Tech / AI / Systems:1; Health / Fitness:1
Growing Forever,3,Finance / Wealth,Finance / Wealth:3
Rising Higher Meditation ®,3,Health / Fitness,Health / Fitness:3
Seiryoku Zenyo,3,Brazilian Jiu-Jitsu,Brazilian Jiu-Jitsu:3
The Debut,3,Music,Music:2; Other:1
Ben Lionel Scott,3,Discipline / Mindset,Discipline / Mindset:3
Keith Poitier Performance,3,Other,Other:2; Business / Marketing:1
ArenaKnockouts,3,Other,Other:3
Forbes Breaking News,3,Politics / News,Politics / News:3
Gordon Ryan,3,Brazilian Jiu-Jitsu,Brazilian Jiu-Jitsu:3
Jason Wilson,3,Philosophy / Masculinity,Philosophy / Masculinity:1; Discipline / Mindset:1; Brazilian Jiu-Jitsu:1
Kajan Johnson MMA,3,Other,Other:2; Brazilian Jiu-Jitsu:1
Shawn A BJJ,3,Brazilian Jiu-Jitsu,Brazilian Jiu-Jitsu:3
The B-Team,3,Brazilian Jiu-Jitsu,Brazilian Jiu-Jitsu:3
BJJ House Okinawa,3,Brazilian Jiu-Jitsu,Brazilian Jiu-Jitsu:3
Mighty,3,Brazilian Jiu-Jitsu,Brazilian Jiu-Jitsu:1; Other:1; Comedy / Entertainment:1
Keppner Boxing,3,Other,Other:3
Eduardo Fraga BJJ,3,Brazilian Jiu-Jitsu,Brazilian Jiu-Jitsu:3
freeCodeCamp.org,3,Tech / AI / Systems,Tech / AI / Systems:2; Other:1
Daisy Fresh,3,Brazilian Jiu-Jitsu,Brazilian Jiu-Jitsu:3
Iron Faith Wrestling,3,Brazilian Jiu-Jitsu,Brazilian Jiu-Jitsu:2; Other:1
ART OF JIU JITSU,3,Brazilian Jiu-Jitsu,Brazilian Jiu-Jitsu:3
Philosophies for Life,3,Philosophy / Masculinity,Philosophy / Masculinity:2; Discipline / Mindset:1
Giancarlo Bodoni,3,Brazilian Jiu-Jitsu,Brazilian Jiu-Jitsu:3
JRE Clips,3,Comedy / Entertainment,Comedy / Entertainment:3
Apoc Ministry,3,Spiritual / Faith,Spiritual / Faith:3
"John Connors, Old Man BJJ Black Belt",3,Brazilian Jiu-Jitsu,Brazilian Jiu-Jitsu:3
How To Rap,3,Music,Music:3
Timcast IRL,3,Politics / News,Politics / News:1; Other:1; Podcasts:1
Eric Greitens,3,Politics / News,Politics / News:3
The Alpha Male Strategies Show,3,Philosophy / Masculinity,Philosophy / Masculinity:3
THE BESTS,3,Discipline / Mindset,Discipline / Mindset:3
Success Secrets TV,3,Tech / AI / Systems,Tech / AI / Systems:2; Finance / Wealth:1
Productivity Game,3,Other,Other:2; Discipline / Mindset:1
Free Salon Education,3,Barber / Craft,Barber / Craft:3
Thinking and Reasoning,3,Discipline / Mindset,Discipline / Mindset:2; Other:1
IUICintheClassRoom,3,Spiritual / Faith,Spiritual / Faith:3
Absolute Motivation,2,Discipline / Mindset,Discipline / Mindset:2
Grind For Success ,2,Discipline / Mindset,Discipline / Mindset:2
Stoic Philosophy Insights,2,Discipline / Mindset,Discipline / Mindset:2
Thomas Frank,2,Finance / Wealth,Finance / Wealth:1; Business / Marketing:1
Travis Cowles,2,Brazilian Jiu-Jitsu,Brazilian Jiu-Jitsu:2
Caio Terra,2,Brazilian Jiu-Jitsu,Brazilian Jiu-Jitsu:2
Deutsch lernen mit uns | Learn German with us,2,German Language,German Language:2
ghettofama703,2,Music,Music:2
YM_Crew,2,Music,Music:2
Lil Wayne - Topic,2,Finance / Wealth,Finance / Wealth:1; Music:1
Atlantic Records,2,Music,Music:2
Inthorns,2,Music,Music:2
NHHRBMP,2,Music,Music:2
SirMixtapeALot,2,Music,Music:2
choppa4300,2,Philosophy / Masculinity,Philosophy / Masculinity:2
AceHoodVEVO,2,Music,Music:2
DMXVEVO,2,Music,Music:2
kevingatesTV,2,Music,Music:2
DrakeVEVO,2,Music,Music:2
50 Cent - Topic,2,Music,Music:2
MyItunes713,2,Finance / Wealth,Finance / Wealth:1; Other:1
PaperChaserDotCom,2,Music,Music:2
Back Lot Music,2,Music,Music:2
Akam Entertainment,2,Music,Music:2
Jah Cure,2,Music,Music:2
Dexta Daps,2,Music,Music:2
FatJoeVEVO,2,Music,Music:2
RapGenius dotcom,2,Music,Music:2
Nitin Randhawa,2,Music,Music:2
Kyle Wesley & Madilyn Paige - Topic,2,Music,Music:2
BenjaniKanuUtaka,2,Music,Music:2
andrewdoeshair,2,Barber / Craft,Barber / Craft:2
FIBA Basketball,2,Other,Other:2
BreakthroughBBall,2,Philosophy / Masculinity,Philosophy / Masculinity:2
Your Youniverse,2,Philosophy / Masculinity,Philosophy / Masculinity:1; Spiritual / Faith:1
secureteam10,2,Tech / AI / Systems,Tech / AI / Systems:2
BJJ For MMA,2,Brazilian Jiu-Jitsu,Brazilian Jiu-Jitsu:2
Bart_the_grappler,2,Brazilian Jiu-Jitsu,Brazilian Jiu-Jitsu:2
Ruotolo Brothers Jiu Jitsu,2,Brazilian Jiu-Jitsu,Brazilian Jiu-Jitsu:2
Renato Migliaccio,2,Brazilian Jiu-Jitsu,Brazilian Jiu-Jitsu:2
Adele - Topic,2,Music,Music:2
JoyDenalaneVEVO,2,Music,Music:2
MA1 Combat,2,Brazilian Jiu-Jitsu,Brazilian Jiu-Jitsu:2
Cobrinha Brazilian Jiu-Jitsu & Fitness,2,Brazilian Jiu-Jitsu,Brazilian Jiu-Jitsu:2
D-Ace,2,Music,Music:2
Gile23,2,Other,Other:2
Dr. Ahnise Kassab,2,Brazilian Jiu-Jitsu,Brazilian Jiu-Jitsu:2
Achilles’ Wrestling World,2,Brazilian Jiu-Jitsu,Brazilian Jiu-Jitsu:2
Cary Kolat,2,Brazilian Jiu-Jitsu,Brazilian Jiu-Jitsu:2
Kieren Lefevre Jiujitsu,2,Health / Fitness,Health / Fitness:1; Brazilian Jiu-Jitsu:1
Ray Casias,2,Brazilian Jiu-Jitsu,Brazilian Jiu-Jitsu:2
ThrivingBranch.com,2,Brazilian Jiu-Jitsu,Brazilian Jiu-Jitsu:2
CHEZ CANTERE,2,Health / Fitness,Health / Fitness:1; Philosophy / Masculinity:1
Rebola,2,Other,Other:2
BGizzleTV,2,Music,Music:2
CheekyTwat,2,Philosophy / Masculinity,Philosophy / Masculinity:2
THE REAL JOE THOMAS,2,Music,Music:2
FightVerse,2,Brazilian Jiu-Jitsu,Brazilian Jiu-Jitsu:2
Evolve Your Mind,2,Spiritual / Faith,Spiritual / Faith:2
Jay Shetty Podcast,2,Discipline / Mindset,Discipline / Mindset:2
Beyond Exceptional,2,Discipline / Mindset,Discipline / Mindset:2
Disciplined Individuals,2,Discipline / Mindset,Discipline / Mindset:2
BM Music,2,Music,Music:2
Grow Rich w/ Philip & Denise,2,Spiritual / Faith,Spiritual / Faith:2
Button Poetry,2,Other,Other:2
Choose You,2,Philosophy / Masculinity,Philosophy / Masculinity:2
Shannon Ables,2,Other,Other:2
"Let's Talk Money! with Joseph Hogue, CFA",2,Finance / Wealth,Finance / Wealth:2
MulliganBrothers,2,Discipline / Mindset,Discipline / Mindset:2
Will Schoder,2,Other,Other:2
The Independent,2,Politics / News,Politics / News:2
Zealous Quotes,2,Discipline / Mindset,Discipline / Mindset:2
Tee Skinny Man Meyers,2,Other,Other:2
Fuel The Mind,2,Discipline / Mindset,Discipline / Mindset:2
Principles by Ray Dalio,2,Business / Marketing,Business / Marketing:2
Kingfact,2,Discipline / Mindset,Discipline / Mindset:2
Amazon Prime Video Deutschland,2,German Language,German Language:2
Joznez - Topic,2,Music,Music:2
HeatherHeadleyVEVO,2,Music,Music:2
Spiritual Mind,2,Health / Fitness,Health / Fitness:1; Other:1
Abide Meditation App,2,Spiritual / Faith,Spiritual / Faith:2
Alpha Affirmations,2,Discipline / Mindset,Discipline / Mindset:1; Health / Fitness:1
Veysigz - Rap Beats & Hip Hop Instrumentals,2,Music,Music:2
Dizzla D Beats - R&B Beats | Rap Instrumental | Hip Hop Beat,2,Music,Music:2
Merge Grappling,2,Brazilian Jiu-Jitsu,Brazilian Jiu-Jitsu:2
TheUmmahFightCamp,2,Brazilian Jiu-Jitsu,Brazilian Jiu-Jitsu:2
Shintaro Higashi,2,Brazilian Jiu-Jitsu,Brazilian Jiu-Jitsu:2
Sambo Fusion,2,Brazilian Jiu-Jitsu,Brazilian Jiu-Jitsu:2
Nick Yonezuka - Cranford JKC,2,Brazilian Jiu-Jitsu,Brazilian Jiu-Jitsu:2
ADubDesigns420,2,Philosophy / Masculinity,Philosophy / Masculinity:2
OLN Caribbean,2,Finance / Wealth,Finance / Wealth:2
The Sun - Topic,2,Music,Music:2
COLORS,2,Music,Music:2
Philosophical Essence,2,Tech / AI / Systems,Tech / AI / Systems:2
The Alchemy of Struggle,2,Brazilian Jiu-Jitsu,Brazilian Jiu-Jitsu:2
FirstlyMotivate,2,Discipline / Mindset,Discipline / Mindset:2
le néant,2,Other,Other:2
sheldon781,2,Music,Music:2
Marc The Beginning,2,Discipline / Mindset,Discipline / Mindset:2
GrindBuddy,2,Discipline / Mindset,Discipline / Mindset:1; Finance / Wealth:1
Championship Productions,2,Brazilian Jiu-Jitsu,Brazilian Jiu-Jitsu:1; Discipline / Mindset:1
The Futur,2,Tech / AI / Systems,Tech / AI / Systems:1; Business / Marketing:1
Dr Rangan Chatterjee,2,Discipline / Mindset,Discipline / Mindset:2
Daily Dose Of Wisdom,2,Spiritual / Faith,Spiritual / Faith:2
motivationaldoc,2,Business / Marketing,Business / Marketing:1; Health / Fitness:1
Andrew Huberman,2,Podcasts,Podcasts:2
Dr. Bobby Price,2,Health / Fitness,Health / Fitness:1; Other:1
Kata Jiu Jitsu,2,Brazilian Jiu-Jitsu,Brazilian Jiu-Jitsu:2
African Diaspora News Channel,2,Other,Other:1; Leadership / Military:1
Andrew Bustamante,2,Podcasts,Podcasts:2
JFLOJUDO,2,Other,Other:1; Brazilian Jiu-Jitsu:1
Call Chris Eubank,2,Discipline / Mindset,Discipline / Mindset:2
Luis wtr,2,Brazilian Jiu-Jitsu,Brazilian Jiu-Jitsu:2
VOW BJJ,2,Brazilian Jiu-Jitsu,Brazilian Jiu-Jitsu:2
Systematic Wrestling,2,Brazilian Jiu-Jitsu,Brazilian Jiu-Jitsu:2
Josh McKinney,2,Brazilian Jiu-Jitsu,Brazilian Jiu-Jitsu:2
Oracle Boxing,2,Other,Other:2
Shawn Ryan Clips,2,Podcasts,Podcasts:2
Scotty Real,2,Other,Other:2
Ron Yates,2,Politics / News,Politics / News:2
How Weed Grow at Home - Indoor Cannabis Tutorials,2,Other,Other:2
SECRETSBOXING,2,Other,Other:2
Kenny Kim,2,Brazilian Jiu-Jitsu,Brazilian Jiu-Jitsu:2
VoteSport,2,Philosophy / Masculinity,Philosophy / Masculinity:1; History / Documentary:1
Kevin Wisdom,2,Brazilian Jiu-Jitsu,Brazilian Jiu-Jitsu:2
Old Man Jiu Jitsu with Sooninho,2,Brazilian Jiu-Jitsu,Brazilian Jiu-Jitsu:2
Sweet Science Of Fighting BJJ Instructionals,2,Brazilian Jiu-Jitsu,Brazilian Jiu-Jitsu:2
Carsahh,2,Brazilian Jiu-Jitsu,Brazilian Jiu-Jitsu:2
Sweet Science Boxing Gym,2,Other,Other:2
Rian Doris,2,Health / Fitness,Health / Fitness:1; Tech / AI / Systems:1
60 Minutes Australia,2,Finance / Wealth,Finance / Wealth:1; Politics / News:1
Doctor Alekseev,2,Philosophy / Masculinity,Philosophy / Masculinity:1; Health / Fitness:1
The Rubin Report,2,Politics / News,Politics / News:2
Mark Manson,2,Business / Marketing,Business / Marketing:1; Other:1
Clark Gracie Allegiance Jiu Jitsu,2,Brazilian Jiu-Jitsu,Brazilian Jiu-Jitsu:2
Skillr Boxing,2,Other,Other:2
Gabriel Varga,2,Other,Other:2
After Skool,2,Discipline / Mindset,Discipline / Mindset:1; History / Documentary:1
Jordan B Peterson Clips,2,Discipline / Mindset,Discipline / Mindset:1; Philosophy / Masculinity:1
Matsuru,2,Brazilian Jiu-Jitsu,Brazilian Jiu-Jitsu:2
Jason Young,2,Other,Other:2
Wim Deputter BJJ,2,Brazilian Jiu-Jitsu,Brazilian Jiu-Jitsu:2
Freedom in Thought,2,Discipline / Mindset,Discipline / Mindset:1; Other:1
stuartcooperfilms,2,Finance / Wealth,Finance / Wealth:1; Brazilian Jiu-Jitsu:1
Don't Tell Comedy,2,Comedy / Entertainment,Comedy / Entertainment:2
Charisma on Command,2,Podcasts,Podcasts:1; Leadership / Military:1
Academy of Ideas,2,Other,Other:2
Jeremy Ethier,2,Health / Fitness,Health / Fitness:2
Rekieta Law,2,Politics / News,Politics / News:2
English Speaking Lawyer In Germany,2,German Language,German Language:1; Other:1
Internet Made Coder,2,Tech / AI / Systems,Tech / AI / Systems:2
Jason Goodison,2,Tech / AI / Systems,Tech / AI / Systems:2
The Rich Dad Channel,2,Finance / Wealth,Finance / Wealth:2
Sadhguru,2,Health / Fitness,Health / Fitness:2
Facts Matter with Roman Balmakov,2,Politics / News,Politics / News:2
Charlie From The Plaza,2,Brazilian Jiu-Jitsu,Brazilian Jiu-Jitsu:2
Lewis Howes,2,Discipline / Mindset,Discipline / Mindset:1; Finance / Wealth:1
Lion of Judah,2,Spiritual / Faith,Spiritual / Faith:2
Pat Flynn,2,Finance / Wealth,Finance / Wealth:2
TopThink,2,Other,Other:2
Fuel Motivation,2,Discipline / Mindset,Discipline / Mindset:2
Learn German with Anja,2,German Language,German Language:2
NEWTRAL GROUNDZ,2,Finance / Wealth,Finance / Wealth:1; History / Documentary:1
Pursuit of Wonder,2,Other,Other:1; Discipline / Mindset:1
Donald J Trump,2,Politics / News,Politics / News:2
KRAV MAGA TRAINING,2,Brazilian Jiu-Jitsu,Brazilian Jiu-Jitsu:2
Online Kizomba School,2,Other,Other:2
Thinking Humanity,2,Discipline / Mindset,Discipline / Mindset:2
Joseph Rodrigues,2,Finance / Wealth,Finance / Wealth:2
Master Sri Akarshana,2,Health / Fitness,Health / Fitness:1; Finance / Wealth:1
Julia Kristina Counselling,2,Spiritual / Faith,Spiritual / Faith:1; Discipline / Mindset:1
YouAreCreators,2,Finance / Wealth,Finance / Wealth:2
MIND SPEECH,2,Business / Marketing,Business / Marketing:1; Discipline / Mindset:1
Dan Currier,2,Comedy / Entertainment,Comedy / Entertainment:1; Other:1
Breakfast Club Power 105.1 FM,2,Spiritual / Faith,Spiritual / Faith:2
HNBMEDIAtv,2,Discipline / Mindset,Discipline / Mindset:1; Other:1
David Falla,2,Barber / Craft,Barber / Craft:2
ABOVE INSPIRATION,2,Spiritual / Faith,Spiritual / Faith:2
X22Report,2,Finance / Wealth,Finance / Wealth:2
ChangeDaChannel,2,Other,Other:1; Politics / News:1
Brian Tracy,2,Business / Marketing,Business / Marketing:1; Discipline / Mindset:1
Greg Zorian,2,Barber / Craft,Barber / Craft:2
Mogi Hair,2,Barber / Craft,Barber / Craft:2
Clean Fade,2,Barber / Craft,Barber / Craft:2
Beardbrand,2,Barber / Craft,Barber / Craft:2
Daniel Negreanu,2,Other,Other:2
Dan Johnson,2,Philosophy / Masculinity,Philosophy / Masculinity:2
MGTOW Money,2,Finance / Wealth,Finance / Wealth:1; Philosophy / Masculinity:1
LoveSomeMontana,2,Philosophy / Masculinity,Philosophy / Masculinity:2
Strength Team,2,Business / Marketing,Business / Marketing:1; Health / Fitness:1
ElleVarnerVEVO,2,Music,Music:2
iAmBrotherPOLIGHT,1,Spiritual / Faith,Spiritual / Faith:1
Hibbeler Productions,1,Politics / News,Politics / News:1
JacqTheTruth,1,Spiritual / Faith,Spiritual / Faith:1
Apologetics with Preston Perry,1,Spiritual / Faith,Spiritual / Faith:1
holy pistis,1,Spiritual / Faith,Spiritual / Faith:1
iamtherealak,1,Music,Music:1
ZombieProofBJJ,1,Brazilian Jiu-Jitsu,Brazilian Jiu-Jitsu:1
More Than Grappling,1,Brazilian Jiu-Jitsu,Brazilian Jiu-Jitsu:1
RedWhiteGreenBandit,1,Music,Music:1
Gears of Truth ,1,Music,Music:1
BHAMG205,1,Music,Music:1
TheWayneAcademy,1,Music,Music:1
miss,1,Finance / Wealth,Finance / Wealth:1
LevelAboveTV,1,Music,Music:1
50CentVEVO,1,Philosophy / Masculinity,Philosophy / Masculinity:1
Aquil86,1,Music,Music:1
1PirateRadio,1,Music,Music:1
WeezyFbabyMusic1,1,Music,Music:1
Tblazers10,1,Music,Music:1
ThisIsWhatsHot,1,Music,Music:1
trillent,1,Music,Music:1
hotboy1588,1,Music,Music:1
Bunda,1,Music,Music:1
straplikejap,1,Music,Music:1
Alabama9636,1,Music,Music:1
SparkKleme,1,Music,Music:1
REALSTREETNIGGAMUZIK,1,Music,Music:1
paperchasabanksfam13,1,Music,Music:1
J.Arthur,1,Music,Music:1
Срка БЛ,1,Music,Music:1
TIalbums,1,Music,Music:1
Mix God,1,Music,Music:1
The Rap/R&B Music Collection,1,Music,Music:1
RapWaves,1,Brazilian Jiu-Jitsu,Brazilian Jiu-Jitsu:1
Layton Greene,1,Music,Music:1
EpicBigTimePlays,1,Music,Music:1
Jo316Hn,1,Music,Music:1
BLINGCRAZYBLING,1,Music,Music:1
Billy Lizard,1,Music,Music:1
Russia89s,1,Music,Music:1
crunkyboo,1,Music,Music:1
PlayazCircleVEVO,1,Music,Music:1
lilflemflam,1,Other,Other:1
LilWayneVEVO,1,Music,Music:1
juweezy 313,1,Music,Music:1
davidguitarist21,1,Other,Other:1
dennisbolik15,1,Music,Music:1
Fredrik Jarbo,1,Music,Music:1
TheUrburger,1,Music,Music:1
Views 28,1,Music,Music:1
manebeezy,1,Finance / Wealth,Finance / Wealth:1
derek u,1,Finance / Wealth,Finance / Wealth:1
Jalon Mcclendon,1,Music,Music:1
OutkastVEVO,1,Music,Music:1
2ChainzVEVO,1,Music,Music:1
atlstreet,1,Music,Music:1
ErykahBaduVEVO,1,Music,Music:1
Strength in Numbers TV ,1,Music,Music:1
Loveely Hernandez,1,Music,Music:1
Booker Davis,1,Other,Other:1
90sBoi4125,1,Music,Music:1
Popular Songs,1,Finance / Wealth,Finance / Wealth:1
HDMusicHere,1,Music,Music:1
LillWeezYFBaby,1,Music,Music:1
Bad Boy Entertainment,1,Music,Music:1
JayZVEVO,1,Music,Music:1
Coast 2 Coast Hip Hop,1,Music,Music:1
juvenile1990,1,Music,Music:1
MystikalVEVO,1,Music,Music:1
Hit Stik.ent,1,Music,Music:1
Sjors Luikinga,1,Music,Music:1
DatPiff,1,Finance / Wealth,Finance / Wealth:1
Deany Boii,1,Music,Music:1
LilWayneSiick,1,Music,Music:1
George Ali,1,Music,Music:1
Robbie D,1,Other,Other:1
FullAlbumsForYou,1,Spiritual / Faith,Spiritual / Faith:1
emyvosje,1,Music,Music:1
iamDaniLeigh,1,Other,Other:1
mariolee2,1,Music,Music:1
MoneyedMuzikTv11,1,Music,Music:1
hypnotizeu,1,Music,Music:1
Capital T,1,Music,Music:1
trgzbby,1,Music,Music:1
JessieReyezVEVO,1,Music,Music:1
PGC Basketball - Point Guard College,1,Health / Fitness,Health / Fitness:1
Basketball Coach Allen,1,Philosophy / Masculinity,Philosophy / Masculinity:1
ShoTheArtist,1,Other,Other:1
AmenSolution,1,Tech / AI / Systems,Tech / AI / Systems:1
StormCloudsGathering,1,Politics / News,Politics / News:1
DMBrazilianJiuJitsu,1,Brazilian Jiu-Jitsu,Brazilian Jiu-Jitsu:1
Corsair BJJ ,1,Brazilian Jiu-Jitsu,Brazilian Jiu-Jitsu:1
Nakisha Wynn,1,Finance / Wealth,Finance / Wealth:1
Team Fearless,1,Discipline / Mindset,Discipline / Mindset:1
Adele,1,Music,Music:1
Improvement Pill,1,Discipline / Mindset,Discipline / Mindset:1
Adam Lambert Videos,1,Music,Music:1
Lexi 🌸,1,Music,Music:1
AllasYummyFood,1,Other,Other:1
Deutsch lernen mit der DW,1,German Language,German Language:1
German with Ticha & Mike,1,Other,Other:1
Learn Languages HD Audio,1,German Language,German Language:1
ReidAboutSex,1,Philosophy / Masculinity,Philosophy / Masculinity:1
BudoVideos.com,1,Brazilian Jiu-Jitsu,Brazilian Jiu-Jitsu:1
Collier Judo Method,1,Brazilian Jiu-Jitsu,Brazilian Jiu-Jitsu:1
Fam Rodriguez,1,Other,Other:1
Sanabul,1,Other,Other:1
Chess Club Jiu-Jitsu,1,Brazilian Jiu-Jitsu,Brazilian Jiu-Jitsu:1
Danny Fung,1,Brazilian Jiu-Jitsu,Brazilian Jiu-Jitsu:1
Gallerr,1,Brazilian Jiu-Jitsu,Brazilian Jiu-Jitsu:1
ColoradoVictoryMMA,1,Brazilian Jiu-Jitsu,Brazilian Jiu-Jitsu:1
DEZK BEATS,1,Music,Music:1
TrillMillion,1,Music,Music:1
Greg The Tech Guru,1,Tech / AI / Systems,Tech / AI / Systems:1
Derek Banas,1,Other,Other:1
Dane Calloway,1,History / Documentary,History / Documentary:1
SquatCouple,1,Health / Fitness,Health / Fitness:1
Let's Inspire,1,Discipline / Mindset,Discipline / Mindset:1
HozierVEVO,1,Music,Music:1
Veil of Ascension,1,Discipline / Mindset,Discipline / Mindset:1
#HUDBAZCIREJLASKY,1,Music,Music:1
David Icke,1,Podcasts,Podcasts:1
Kohaalofa,1,Music,Music:1
Doug Polk Poker,1,Discipline / Mindset,Discipline / Mindset:1
Learn German with GermanPod101.com,1,German Language,German Language:1
VivianGreenVEVO,1,Music,Music:1
Júlio César de Medeiros,1,Music,Music:1
Funniest Stand-Up,1,Comedy / Entertainment,Comedy / Entertainment:1
Footwork Trainer,1,Brazilian Jiu-Jitsu,Brazilian Jiu-Jitsu:1
Pursuit Wrestling,1,Brazilian Jiu-Jitsu,Brazilian Jiu-Jitsu:1
"Mason Miller, MS",1,Brazilian Jiu-Jitsu,Brazilian Jiu-Jitsu:1
Legion AJJ,1,Brazilian Jiu-Jitsu,Brazilian Jiu-Jitsu:1
Tony Casarez,1,Brazilian Jiu-Jitsu,Brazilian Jiu-Jitsu:1
Lee England Jr. - Topic,1,Music,Music:1
The Counselor,1,Other,Other:1
Press For Truth,1,Politics / News,Politics / News:1
Moorish American 720°,1,Other,Other:1
Coach Ashworth,1,Brazilian Jiu-Jitsu,Brazilian Jiu-Jitsu:1
BALLOUT BASKETBALL,1,Brazilian Jiu-Jitsu,Brazilian Jiu-Jitsu:1
Motivation Inspiration,1,Discipline / Mindset,Discipline / Mindset:1
Let’s Oogge Squad,1,Discipline / Mindset,Discipline / Mindset:1
Inspiredbyhoops,1,Other,Other:1
KINGSTOIC,1,Discipline / Mindset,Discipline / Mindset:1
MykChiz,1,Other,Other:1
PJFPerformance,1,Other,Other:1
My Legacy,1,Discipline / Mindset,Discipline / Mindset:1
Hennen Workouts Basketball,1,Brazilian Jiu-Jitsu,Brazilian Jiu-Jitsu:1
AJ&Smart,1,Tech / AI / Systems,Tech / AI / Systems:1
Fight Force,1,Brazilian Jiu-Jitsu,Brazilian Jiu-Jitsu:1
Feynman Archives,1,Other,Other:1
Machiavelli’s Discipline,1,Business / Marketing,Business / Marketing:1
Cosmos Signals,1,Business / Marketing,Business / Marketing:1
Daniel Jindoo ,1,Tech / AI / Systems,Tech / AI / Systems:1
Silicon Valley Girl,1,Tech / AI / Systems,Tech / AI / Systems:1
Ishaan Yug Negi,1,Other,Other:1
Mindplicit,1,Discipline / Mindset,Discipline / Mindset:1
Ali H. Salem,1,Finance / Wealth,Finance / Wealth:1
DoodleProof,1,Health / Fitness,Health / Fitness:1
BitBiasedAI,1,Tech / AI / Systems,Tech / AI / Systems:1
Noble Hacks Academy,1,Tech / AI / Systems,Tech / AI / Systems:1
Pulse Stoic Mindset,1,Other,Other:1
Futurepedia,1,Tech / AI / Systems,Tech / AI / Systems:1
Lone Wolf Wisdom,1,Philosophy / Masculinity,Philosophy / Masculinity:1
UFC Eurasia,1,Other,Other:1
Level UP Intentional Cannabis Consumption,1,Discipline / Mindset,Discipline / Mindset:1
Sandeep Swadia | theMITmonk,1,Tech / AI / Systems,Tech / AI / Systems:1
Celebrate Men,1,Discipline / Mindset,Discipline / Mindset:1
AI Master,1,Tech / AI / Systems,Tech / AI / Systems:1
SHI HENG WISDOM,1,Discipline / Mindset,Discipline / Mindset:1
The Archetypal Mind,1,Other,Other:1
Captain Cairo,1,Health / Fitness,Health / Fitness:1
Dave Asprey,1,Health / Fitness,Health / Fitness:1
Dennis Gorcea,1,Spiritual / Faith,Spiritual / Faith:1
Wealthy Expat,1,Finance / Wealth,Finance / Wealth:1
The Mindset Mentor Podcast,1,Discipline / Mindset,Discipline / Mindset:1
The Stoic Community™,1,Discipline / Mindset,Discipline / Mindset:1
HealthQuest,1,Health / Fitness,Health / Fitness:1
GBNews,1,Politics / News,Politics / News:1
Whoisprakasaka ,1,Other,Other:1
Andrei Jikh,1,Finance / Wealth,Finance / Wealth:1
The Soul Mirror,1,Philosophy / Masculinity,Philosophy / Masculinity:1
Rabbi Manis Friedman,1,Philosophy / Masculinity,Philosophy / Masculinity:1
Clutch Time,1,Other,Other:1
FATE BY FUNCTION,1,Discipline / Mindset,Discipline / Mindset:1
Prime Coaching Sport,1,Other,Other:1
Tucker Richardson,1,Other,Other:1
Alpha Motivation,1,Discipline / Mindset,Discipline / Mindset:1
Nba/Nfl Mixes,1,Discipline / Mindset,Discipline / Mindset:1
Surreal Mind,1,Discipline / Mindset,Discipline / Mindset:1
The Black History Archives,1,History / Documentary,History / Documentary:1
ShadowCore Esports Live.,1,Discipline / Mindset,Discipline / Mindset:1
Jim Rohn Motivation,1,Discipline / Mindset,Discipline / Mindset:1
True Value,1,Discipline / Mindset,Discipline / Mindset:1
LF MMA,1,Business / Marketing,Business / Marketing:1
 Dark Psychology Coded,1,Philosophy / Masculinity,Philosophy / Masculinity:1
Elroi Motivation,1,Discipline / Mindset,Discipline / Mindset:1
Do Season Carl,1,Spiritual / Faith,Spiritual / Faith:1
Grant Stevens,1,Music,Music:1
Zero2Kombat,1,Health / Fitness,Health / Fitness:1
Mindshift Movement,1,Discipline / Mindset,Discipline / Mindset:1
No Fugazee Podcast,1,Philosophy / Masculinity,Philosophy / Masculinity:1
Rise & Dominate,1,Discipline / Mindset,Discipline / Mindset:1
BlazeTV News,1,Politics / News,Politics / News:1
Simon Kenny | Beyond Human Martial Arts,1,Discipline / Mindset,Discipline / Mindset:1
Inspire And Motivate,1,Podcasts,Podcasts:1
Mel Robbins,1,Discipline / Mindset,Discipline / Mindset:1
Echoes of Wisdom,1,Philosophy / Masculinity,Philosophy / Masculinity:1
Gracie Jiu-Jitsu Singapore,1,Brazilian Jiu-Jitsu,Brazilian Jiu-Jitsu:1
Street Gossip,1,Comedy / Entertainment,Comedy / Entertainment:1
BigDeal by Codie Sanchez ,1,Tech / AI / Systems,Tech / AI / Systems:1
Truth,1,Discipline / Mindset,Discipline / Mindset:1
Poudii,1,Other,Other:1
RAPGAME,1,Podcasts,Podcasts:1
The Selves,1,Other,Other:1
Jesse ON FIRE,1,Other,Other:1
Fast Buds,1,Other,Other:1
BJJ With ADHD,1,Brazilian Jiu-Jitsu,Brazilian Jiu-Jitsu:1
Pigeons,1,Other,Other:1
Win Africa,1,History / Documentary,History / Documentary:1
FREESTYLEBENDER,1,Health / Fitness,Health / Fitness:1
Business Basics,1,Finance / Wealth,Finance / Wealth:1
The Better Fit,1,Brazilian Jiu-Jitsu,Brazilian Jiu-Jitsu:1
Masterskya Jiu Jitsu,1,Brazilian Jiu-Jitsu,Brazilian Jiu-Jitsu:1
CrashAndFlowBJJ,1,Brazilian Jiu-Jitsu,Brazilian Jiu-Jitsu:1
Bird Wiltse BJJ,1,Brazilian Jiu-Jitsu,Brazilian Jiu-Jitsu:1
OtherBarak,1,Discipline / Mindset,Discipline / Mindset:1
Highigan,1,Tech / AI / Systems,Tech / AI / Systems:1
William Tackett,1,Brazilian Jiu-Jitsu,Brazilian Jiu-Jitsu:1
Smitty’Wit - Martial Artist,1,Brazilian Jiu-Jitsu,Brazilian Jiu-Jitsu:1
FactFile,1,History / Documentary,History / Documentary:1
André Duqum,1,Podcasts,Podcasts:1
Philosos,1,Politics / News,Politics / News:1
Soldiers of Almighty,1,Discipline / Mindset,Discipline / Mindset:1
Sam Hope,1,Other,Other:1
SBG PDX & Vancouver BJJ and MMA Videos,1,Brazilian Jiu-Jitsu,Brazilian Jiu-Jitsu:1
Basementganja,1,Health / Fitness,Health / Fitness:1
Motivation Inspired,1,Discipline / Mindset,Discipline / Mindset:1
Ruslan KD,1,History / Documentary,History / Documentary:1
Nathan Orchard,1,Other,Other:1
Spiritual Fountain,1,Discipline / Mindset,Discipline / Mindset:1
Coach Kyle,1,Philosophy / Masculinity,Philosophy / Masculinity:1
Progress Pursuit,1,Barber / Craft,Barber / Craft:1
West Coast Martial Arts,1,Brazilian Jiu-Jitsu,Brazilian Jiu-Jitsu:1
Gymnanigains,1,Health / Fitness,Health / Fitness:1
Green Beret Chronicles Show,1,History / Documentary,History / Documentary:1
The Psyche,1,Other,Other:1
Growers Mindset,1,Other,Other:1
Chesapeake Grappling Academy,1,Brazilian Jiu-Jitsu,Brazilian Jiu-Jitsu:1
AC Infinity Inc,1,Tech / AI / Systems,Tech / AI / Systems:1
Liam.Garden,1,Other,Other:1
Weed In A Pot,1,Other,Other:1
Mephisto Genetics,1,Other,Other:1
Arlan Hamilton,1,Finance / Wealth,Finance / Wealth:1
WeShape,1,Health / Fitness,Health / Fitness:1
All Things PT,1,Other,Other:1
Life of Your Dreams,1,Other,Other:1
Rixty Garami,1,Brazilian Jiu-Jitsu,Brazilian Jiu-Jitsu:1
VNDL Jiu-Jitsu,1,Brazilian Jiu-Jitsu,Brazilian Jiu-Jitsu:1
Rediscovery,1,Spiritual / Faith,Spiritual / Faith:1
T&H - Afterlife,1,Spiritual / Faith,Spiritual / Faith:1
Dima Murovanni Bjj,1,Brazilian Jiu-Jitsu,Brazilian Jiu-Jitsu:1
Midwest Martial Arts Academy,1,Other,Other:1
Bangtao Muay Thai & MMA,1,Brazilian Jiu-Jitsu,Brazilian Jiu-Jitsu:1
A1 Training Camp,1,Leadership / Military,Leadership / Military:1
Forever White Belt,1,Brazilian Jiu-Jitsu,Brazilian Jiu-Jitsu:1
Grappling Nerds,1,Brazilian Jiu-Jitsu,Brazilian Jiu-Jitsu:1
Boxing World,1,Other,Other:1
Liam Ottley,1,Tech / AI / Systems,Tech / AI / Systems:1
Perfect Fight,1,Other,Other:1
Still Rolling,1,Brazilian Jiu-Jitsu,Brazilian Jiu-Jitsu:1
Bbros - Topic,1,Music,Music:1
LifeAudioWisdom,1,Other,Other:1
The Base Jiu Jitsu,1,Brazilian Jiu-Jitsu,Brazilian Jiu-Jitsu:1
Adam Eubanks,1,Tech / AI / Systems,Tech / AI / Systems:1
Jeff Su,1,Tech / AI / Systems,Tech / AI / Systems:1
PhiloNautica ,1,Other,Other:1
Artificially Aware,1,Other,Other:1
Boho Beautiful Yoga,1,Health / Fitness,Health / Fitness:1
Joyanima,1,Philosophy / Masculinity,Philosophy / Masculinity:1
Kenny Dennis,1,Other,Other:1
Ground Control MMA,1,Brazilian Jiu-Jitsu,Brazilian Jiu-Jitsu:1
PBD Podcast,1,Podcasts,Podcasts:1
Tarik BJJ,1,Brazilian Jiu-Jitsu,Brazilian Jiu-Jitsu:1
LangakerBjj,1,Brazilian Jiu-Jitsu,Brazilian Jiu-Jitsu:1
Chris Sicat,1,Brazilian Jiu-Jitsu,Brazilian Jiu-Jitsu:1
Rickson Gracie Jiu-Jitsu Academy,1,Brazilian Jiu-Jitsu,Brazilian Jiu-Jitsu:1
Tokyo Jiujitsu Club,1,Brazilian Jiu-Jitsu,Brazilian Jiu-Jitsu:1
Riki Judo Dojo,1,Brazilian Jiu-Jitsu,Brazilian Jiu-Jitsu:1
Stark Jiujitsu,1,Other,Other:1
Warrior Philosophy,1,Other,Other:1
DonSamRaz,1,Other,Other:1
Josh Beam BJJ,1,Brazilian Jiu-Jitsu,Brazilian Jiu-Jitsu:1
PaulStrikerENG,1,Other,Other:1
Relaxing Sleep & Deep Healing,1,Health / Fitness,Health / Fitness:1
Shintaro Nakano,1,Brazilian Jiu-Jitsu,Brazilian Jiu-Jitsu:1
The Wise Hustle,1,Discipline / Mindset,Discipline / Mindset:1
Quazi Johir,1,Spiritual / Faith,Spiritual / Faith:1
Way of BJJ,1,Brazilian Jiu-Jitsu,Brazilian Jiu-Jitsu:1
OurTimelessWisdom,1,Other,Other:1
Ryan Juliano,1,Brazilian Jiu-Jitsu,Brazilian Jiu-Jitsu:1
Carl Massaro BJJ,1,Brazilian Jiu-Jitsu,Brazilian Jiu-Jitsu:1
Paramount Tactical,1,Politics / News,Politics / News:1
Deep Dive JJ,1,Brazilian Jiu-Jitsu,Brazilian Jiu-Jitsu:1
Toro Bravo Submission Grappling,1,Brazilian Jiu-Jitsu,Brazilian Jiu-Jitsu:1
Grappling with Jiu Jitsu,1,Brazilian Jiu-Jitsu,Brazilian Jiu-Jitsu:1
Jiu-Jitsu Breakdowns,1,Brazilian Jiu-Jitsu,Brazilian Jiu-Jitsu:1
Nomad Capitalist,1,Discipline / Mindset,Discipline / Mindset:1
B1 Brazilian Jiu-Jitsu & Self Defense,1,Brazilian Jiu-Jitsu,Brazilian Jiu-Jitsu:1
SUCCESS CHASERS,1,Discipline / Mindset,Discipline / Mindset:1
Rob Rowland | Freestyle Martial Artist,1,Other,Other:1
John Bevere,1,Podcasts,Podcasts:1
Copa Podio Play,1,Brazilian Jiu-Jitsu,Brazilian Jiu-Jitsu:1
welcomematstevescott,1,Brazilian Jiu-Jitsu,Brazilian Jiu-Jitsu:1
Boxing Life,1,Discipline / Mindset,Discipline / Mindset:1
Metaphysical,1,History / Documentary,History / Documentary:1
Rob Braxman Tech,1,Tech / AI / Systems,Tech / AI / Systems:1
Chadi,1,Brazilian Jiu-Jitsu,Brazilian Jiu-Jitsu:1
Ben Winney,1,Brazilian Jiu-Jitsu,Brazilian Jiu-Jitsu:1
TopTenz,1,Other,Other:1
Live Lerner,1,Tech / AI / Systems,Tech / AI / Systems:1
IllumiGnosis,1,Other,Other:1
fightTIPS,1,Other,Other:1
Jack Krucial,1,Brazilian Jiu-Jitsu,Brazilian Jiu-Jitsu:1
M-Theory Martial Arts,1,Tech / AI / Systems,Tech / AI / Systems:1
Healthy Ever After,1,Health / Fitness,Health / Fitness:1
HOTSPOTATL,1,Other,Other:1
Gracie Swindon Jiu-Jitsu School,1,Brazilian Jiu-Jitsu,Brazilian Jiu-Jitsu:1
New Concept BJJ ,1,Brazilian Jiu-Jitsu,Brazilian Jiu-Jitsu:1
PowerfulJRE,1,Comedy / Entertainment,Comedy / Entertainment:1
Clark Kegley,1,Other,Other:1
Jarbear14,1,Other,Other:1
Duck_Jitsu,1,Brazilian Jiu-Jitsu,Brazilian Jiu-Jitsu:1
Into Healing with Mira Kaddoura,1,Health / Fitness,Health / Fitness:1
Jordan Laster,1,Brazilian Jiu-Jitsu,Brazilian Jiu-Jitsu:1
Alex Hormozi,1,Business / Marketing,Business / Marketing:1
Senator Josh Hawley,1,Politics / News,Politics / News:1
Kabir Bath,1,Brazilian Jiu-Jitsu,Brazilian Jiu-Jitsu:1
The Jiu-Jitsu Therapist,1,Brazilian Jiu-Jitsu,Brazilian Jiu-Jitsu:1
Osvaldo “Queixinho” Moizinho,1,Brazilian Jiu-Jitsu,Brazilian Jiu-Jitsu:1
Breza-Grappling,1,Brazilian Jiu-Jitsu,Brazilian Jiu-Jitsu:1
Self defense Classes,1,Comedy / Entertainment,Comedy / Entertainment:1
Mick Hall,1,Brazilian Jiu-Jitsu,Brazilian Jiu-Jitsu:1
BTT Portland,1,Brazilian Jiu-Jitsu,Brazilian Jiu-Jitsu:1
Cyborg BJJ,1,Brazilian Jiu-Jitsu,Brazilian Jiu-Jitsu:1
James Clingerman,1,Brazilian Jiu-Jitsu,Brazilian Jiu-Jitsu:1
Lauren Sedbon -Thinkmanifest,1,Discipline / Mindset,Discipline / Mindset:1
Double Down News,1,Politics / News,Politics / News:1
8 At The Table,1,Philosophy / Masculinity,Philosophy / Masculinity:1
Adam Wardziński,1,Brazilian Jiu-Jitsu,Brazilian Jiu-Jitsu:1
PhilosophyInsights,1,Other,Other:1
Guillobel Brazilian Jiu-Jitsu San Clemente,1,Brazilian Jiu-Jitsu,Brazilian Jiu-Jitsu:1
Talk-Jitsu,1,Brazilian Jiu-Jitsu,Brazilian Jiu-Jitsu:1
MyBoxingCoach,1,Brazilian Jiu-Jitsu,Brazilian Jiu-Jitsu:1
Grappling With Podcast,1,Other,Other:1
Foundation Chicago,1,Other,Other:1
TechTablets,1,Tech / AI / Systems,Tech / AI / Systems:1
Budo Brothers,1,Other,Other:1
Eye of Wisdom,1,Business / Marketing,Business / Marketing:1
Alexandrovich Unleashed,1,Music,Music:1
Pro Striking,1,Other,Other:1
Podcast Cringe,1,Other,Other:1
Knots and Collar,1,Brazilian Jiu-Jitsu,Brazilian Jiu-Jitsu:1
ConwayToe2Toe Kickboxing Essentials,1,Brazilian Jiu-Jitsu,Brazilian Jiu-Jitsu:1
Lu Mazing,1,Other,Other:1
The School of Breath,1,Health / Fitness,Health / Fitness:1
Motivation Execution,1,Other,Other:1
Francis Ngannou,1,Podcasts,Podcasts:1
DrRachael Ross,1,Health / Fitness,Health / Fitness:1
Alavanca,1,Brazilian Jiu-Jitsu,Brazilian Jiu-Jitsu:1
Soulchat TV ,1,Barber / Craft,Barber / Craft:1
Brain Mindset,1,Other,Other:1
FightCamp,1,Health / Fitness,Health / Fitness:1
Tucker Carlson,1,Politics / News,Politics / News:1
BJJ Crew,1,Brazilian Jiu-Jitsu,Brazilian Jiu-Jitsu:1
Chattanooga Jiu-Jitsu Academy,1,Brazilian Jiu-Jitsu,Brazilian Jiu-Jitsu:1
Meditational State • Healing Music,1,Discipline / Mindset,Discipline / Mindset:1
Tim Ferriss,1,Podcasts,Podcasts:1
AH | 11:11,1,Philosophy / Masculinity,Philosophy / Masculinity:1
Semper Fortis Jiu Jitsu,1,Brazilian Jiu-Jitsu,Brazilian Jiu-Jitsu:1
Eko Learning,1,German Language,German Language:1
XANDE RIBEIRO,1,Brazilian Jiu-Jitsu,Brazilian Jiu-Jitsu:1
Jim Rohn Motivation™,1,Discipline / Mindset,Discipline / Mindset:1
Elbows Tight,1,Brazilian Jiu-Jitsu,Brazilian Jiu-Jitsu:1
Enson Inoue Yamatodamashii Channel,1,Brazilian Jiu-Jitsu,Brazilian Jiu-Jitsu:1
Jiu Jitsu Life @placeofpeacehq,1,Brazilian Jiu-Jitsu,Brazilian Jiu-Jitsu:1
Kama Jiu-Jitsu,1,Brazilian Jiu-Jitsu,Brazilian Jiu-Jitsu:1
RobertDiggleJJ,1,Brazilian Jiu-Jitsu,Brazilian Jiu-Jitsu:1
BJJ Notes,1,Brazilian Jiu-Jitsu,Brazilian Jiu-Jitsu:1
Placido Santos ,1,Brazilian Jiu-Jitsu,Brazilian Jiu-Jitsu:1
Inside Fighting,1,Brazilian Jiu-Jitsu,Brazilian Jiu-Jitsu:1
BACK TO THE ROOTS,1,Politics / News,Politics / News:1
Jujitsu Muse,1,Brazilian Jiu-Jitsu,Brazilian Jiu-Jitsu:1
BJJ Realtor,1,Brazilian Jiu-Jitsu,Brazilian Jiu-Jitsu:1
dlucs_,1,Barber / Craft,Barber / Craft:1
Learn Piano with Jazer Lee,1,Music,Music:1
Everyday Stoic,1,Discipline / Mindset,Discipline / Mindset:1
Revgear,1,Brazilian Jiu-Jitsu,Brazilian Jiu-Jitsu:1
TELARI ,1,Brazilian Jiu-Jitsu,Brazilian Jiu-Jitsu:1
GreatAudioBooks,1,Other,Other:1
Derek Moneyberg,1,Finance / Wealth,Finance / Wealth:1
Cobrinha BJJ SB,1,Brazilian Jiu-Jitsu,Brazilian Jiu-Jitsu:1
Full Mount MMA,1,Brazilian Jiu-Jitsu,Brazilian Jiu-Jitsu:1
Michael Foley's Academy of Martial Arts,1,Brazilian Jiu-Jitsu,Brazilian Jiu-Jitsu:1
Addiction Mindset,1,Discipline / Mindset,Discipline / Mindset:1
I Never Knew Tv,1,Other,Other:1
Days and Words,1,German Language,German Language:1
Mike and Matty,1,Health / Fitness,Health / Fitness:1
Donavan,1,Other,Other:1
Zen Wisdom,1,Other,Other:1
Joe T - Hypnotic Labs,1,Health / Fitness,Health / Fitness:1
Screen Hoopla,1,Finance / Wealth,Finance / Wealth:1
Coach Anthony,1,Other,Other:1
Kevin Samuels,1,Philosophy / Masculinity,Philosophy / Masculinity:1
Fighters United MMA,1,Other,Other:1
Mark Bell - Super Training Gym,1,Health / Fitness,Health / Fitness:1
Achieve Greatness,1,Philosophy / Masculinity,Philosophy / Masculinity:1
Jander Gray,1,Comedy / Entertainment,Comedy / Entertainment:1
Chisholm Chisholm & Kilpatrick LTD,1,Leadership / Military,Leadership / Military:1
MySwimPro,1,Brazilian Jiu-Jitsu,Brazilian Jiu-Jitsu:1
The Modern Martial Artist,1,Brazilian Jiu-Jitsu,Brazilian Jiu-Jitsu:1
"Hill and Ponton, P.A.",1,Leadership / Military,Leadership / Military:1
Pure Rolling BJJ,1,Brazilian Jiu-Jitsu,Brazilian Jiu-Jitsu:1
The New Tourist,1,History / Documentary,History / Documentary:1
Wise Words,1,Philosophy / Masculinity,Philosophy / Masculinity:1
Marcelo Garcia Jiu-Jitsu,1,Brazilian Jiu-Jitsu,Brazilian Jiu-Jitsu:1
3 Milli Productions,1,History / Documentary,History / Documentary:1
Next Level Soul Podcast,1,Spiritual / Faith,Spiritual / Faith:1
ABC News In-depth,1,Politics / News,Politics / News:1
Music Vibe,1,Music,Music:1
Hellfish Mixed Martial Arts,1,Brazilian Jiu-Jitsu,Brazilian Jiu-Jitsu:1
HistoryVille,1,Other,Other:1
Okinawa Karate Masters,1,History / Documentary,History / Documentary:1
KRS- One,1,Music,Music:1
Força Martial Arts & Fitness,1,Brazilian Jiu-Jitsu,Brazilian Jiu-Jitsu:1
FreshMMA,1,Other,Other:1
Goku Pump,1,Health / Fitness,Health / Fitness:1
Irene Lyon,1,Other,Other:1
Rabbi Simon Jacobson at Meaningful Life Center,1,Spiritual / Faith,Spiritual / Faith:1
PassedUs,1,Other,Other:1
Your Inner Child Matters,1,Discipline / Mindset,Discipline / Mindset:1
Syriana Analysis,1,Politics / News,Politics / News:1
True Meaning,1,Other,Other:1
Simply Art - Inspire,1,Business / Marketing,Business / Marketing:1
FreeChannelOpen,1,Brazilian Jiu-Jitsu,Brazilian Jiu-Jitsu:1
BJJ Hacks TV,1,Brazilian Jiu-Jitsu,Brazilian Jiu-Jitsu:1
Jeff Chan MMAShredded ,1,Brazilian Jiu-Jitsu,Brazilian Jiu-Jitsu:1
BKS Clips,1,Discipline / Mindset,Discipline / Mindset:1
Strength Side,1,Health / Fitness,Health / Fitness:1
Words of Wisdom,1,Discipline / Mindset,Discipline / Mindset:1
S.Craft Blendz,1,Barber / Craft,Barber / Craft:1
Brian Jung,1,Tech / AI / Systems,Tech / AI / Systems:1
Jess The Barber,1,Barber / Craft,Barber / Craft:1
Adailton Brito,1,Philosophy / Masculinity,Philosophy / Masculinity:1
Artistic Motivation,1,Philosophy / Masculinity,Philosophy / Masculinity:1
Life as Is!,1,Discipline / Mindset,Discipline / Mindset:1
Caleb Curry,1,Tech / AI / Systems,Tech / AI / Systems:1
Brian J. Roberts,1,Discipline / Mindset,Discipline / Mindset:1
Charles Salbox,1,Other,Other:1
Laptop Guy,1,Tech / AI / Systems,Tech / AI / Systems:1
Cannon-Graham Music,1,Music,Music:1
Learn German Easily,1,German Language,German Language:1
AutoMATTic9,1,Music,Music:1
Adam Erhart,1,Business / Marketing,Business / Marketing:1
CrowderBits,1,Politics / News,Politics / News:1
Indisputable with Dr. Rashad Richey,1,Politics / News,Politics / News:1
Audit the Audit,1,Other,Other:1
PRIEST GENESIS MODE,1,Spiritual / Faith,Spiritual / Faith:1
12TribesRepent,1,Other,Other:1
SuperSimpleDev,1,Tech / AI / Systems,Tech / AI / Systems:1
Joshua Morony,1,Tech / AI / Systems,Tech / AI / Systems:1
Tech With Tim,1,Tech / AI / Systems,Tech / AI / Systems:1
Coding with Lewis,1,Tech / AI / Systems,Tech / AI / Systems:1
Coding with John,1,Tech / AI / Systems,Tech / AI / Systems:1
Raddy,1,Tech / AI / Systems,Tech / AI / Systems:1
Brian Cache,1,Tech / AI / Systems,Tech / AI / Systems:1
Flow With Jamaica | Personalised Yoga & Meditation,1,Health / Fitness,Health / Fitness:1
Lex Clips,1,Tech / AI / Systems,Tech / AI / Systems:1
Judd Albring,1,Finance / Wealth,Finance / Wealth:1
Brad Riddell - Student of the Fight Game,1,Health / Fitness,Health / Fitness:1
S.O.U.L. Society - Heavy Energy LLC,1,History / Documentary,History / Documentary:1
Something Relax,1,Discipline / Mindset,Discipline / Mindset:1
Golden Eagle Productions,1,Music,Music:1
Dojo Storm,1,Other,Other:1
Digital Engine,1,Tech / AI / Systems,Tech / AI / Systems:1
MartyBlendz,1,Barber / Craft,Barber / Craft:1
Rap Ratz,1,Music,Music:1
Mentored,1,Discipline / Mindset,Discipline / Mindset:1
Self Sufficient Me,1,Other,Other:1
Will On The Soul.,1,Music,Music:1
Nevin The Barber,1,Barber / Craft,Barber / Craft:1
THE NO-MAD CHRONICLES,1,History / Documentary,History / Documentary:1
Youth Motivation,1,Discipline / Mindset,Discipline / Mindset:1
Derek Prince With Subtitles,1,Spiritual / Faith,Spiritual / Faith:1
I'll Be Honest,1,Spiritual / Faith,Spiritual / Faith:1
Affinity Academy,1,Brazilian Jiu-Jitsu,Brazilian Jiu-Jitsu:1
Gemini Fitness & Combat,1,Brazilian Jiu-Jitsu,Brazilian Jiu-Jitsu:1
ApplyGodsWord.com/Mark Ballenger,1,Spiritual / Faith,Spiritual / Faith:1
BRAD LEA TV,1,Discipline / Mindset,Discipline / Mindset:1
Mind Pump Show,1,Health / Fitness,Health / Fitness:1
Gravity Transformation - Fat Loss Experts,1,Health / Fitness,Health / Fitness:1
Gracie Barra Ste-Anne-de-Bellevue,1,Brazilian Jiu-Jitsu,Brazilian Jiu-Jitsu:1
LifebyMikeG,1,Other,Other:1
Mikhaila Peterson,1,Health / Fitness,Health / Fitness:1
ONE Championship,1,Discipline / Mindset,Discipline / Mindset:1
Rebecca Brand,1,Business / Marketing,Business / Marketing:1
ProdiJay,1,Finance / Wealth,Finance / Wealth:1
Toasty Bros,1,Tech / AI / Systems,Tech / AI / Systems:1
Whip It Up With Jay,1,Other,Other:1
Jeff Logan,1,Health / Fitness,Health / Fitness:1
The Hill,1,Politics / News,Politics / News:1
Steven Furtick,1,Spiritual / Faith,Spiritual / Faith:1
Pathfinder Jiu-Jitsu Team,1,Brazilian Jiu-Jitsu,Brazilian Jiu-Jitsu:1
Omar Valerio,1,Other,Other:1
Mohamed Yassin,1,German Language,German Language:1
Dave East,1,Music,Music:1
DaveEastVEVO,1,Music,Music:1
Jan - The Slovak Muslim,1,Podcasts,Podcasts:1
Moojiji,1,Spiritual / Faith,Spiritual / Faith:1
Economics Explained,1,Finance / Wealth,Finance / Wealth:1
Theo Von Clips,1,Tech / AI / Systems,Tech / AI / Systems:1
Lucy Lismore,1,Health / Fitness,Health / Fitness:1
3versince,1,Barber / Craft,Barber / Craft:1
julep boxy,1,German Language,German Language:1
Jack Chapple,1,Tech / AI / Systems,Tech / AI / Systems:1
The Royal Society,1,Politics / News,Politics / News:1
NEXT Workout,1,Health / Fitness,Health / Fitness:1
Kingmelifestyles,1,Barber / Craft,Barber / Craft:1
Real Rap Quotes,1,Music,Music:1
MANGOMOTION76,1,Other,Other:1
Aaron and Claire,1,Other,Other:1
LADbible Stories,1,Leadership / Military,Leadership / Military:1
Comedy Dynamics,1,Comedy / Entertainment,Comedy / Entertainment:1
sootch00,1,Other,Other:1
Better Than Yesterday,1,Discipline / Mindset,Discipline / Mindset:1
True Story Documentary Channel,1,History / Documentary,History / Documentary:1
POKER films,1,Finance / Wealth,Finance / Wealth:1
Alexander Grace,1,Philosophy / Masculinity,Philosophy / Masculinity:1
approached.,1,Podcasts,Podcasts:1
ThinkBigAnimation,1,Comedy / Entertainment,Comedy / Entertainment:1
gee c tee,1,Comedy / Entertainment,Comedy / Entertainment:1
John Barnett Online Teaching,1,Spiritual / Faith,Spiritual / Faith:1
USDC by Rokas Leo,1,Other,Other:1
Fox Business,1,Politics / News,Politics / News:1
The Art of Improvement,1,Brazilian Jiu-Jitsu,Brazilian Jiu-Jitsu:1
The Duran,1,Politics / News,Politics / News:1
It's The Dance For Me,1,Other,Other:1
The Sun,1,Politics / News,Politics / News:1
Ramsey Dewey,1,Brazilian Jiu-Jitsu,Brazilian Jiu-Jitsu:1
RobinThickeVEVO,1,Music,Music:1
JDMOONAN,1,Politics / News,Politics / News:1
Robert Gouveia Esq.,1,Politics / News,Politics / News:1
BLTV Extra,1,Other,Other:1
"Corridor Of Wealth | James C. Yochum, CPA",1,Politics / News,Politics / News:1
Stylist Elnar,1,Barber / Craft,Barber / Craft:1
The MetaFlair,1,Politics / News,Politics / News:1
Theta Realms - Brainwave Sound Journeys,1,Music,Music:1
censiCLICK,1,Tech / AI / Systems,Tech / AI / Systems:1
Hillsdale College,1,Politics / News,Politics / News:1
Huckabee Today,1,Politics / News,Politics / News:1
Tony Jeffries,1,Health / Fitness,Health / Fitness:1
I Speak People,1,Other,Other:1
Victor Marx,1,Brazilian Jiu-Jitsu,Brazilian Jiu-Jitsu:1
Epic Economist,1,Politics / News,Politics / News:1
Bloomberg New Economy,1,Politics / News,Politics / News:1
Scott Morgan,1,Business / Marketing,Business / Marketing:1
BRAINY DOSE,1,Other,Other:1
KEY TO HEAVEN MINISTRIES,1,Spiritual / Faith,Spiritual / Faith:1
Joel & Antonia — Personality Hacker Audio Podcast,1,Discipline / Mindset,Discipline / Mindset:1
11Alive,1,Politics / News,Politics / News:1
abcqanda,1,Politics / News,Politics / News:1
International Judo Federation,1,Brazilian Jiu-Jitsu,Brazilian Jiu-Jitsu:1
Judo On Line,1,Brazilian Jiu-Jitsu,Brazilian Jiu-Jitsu:1
BlazeTV,1,Politics / News,Politics / News:1
Conservative Twins,1,Comedy / Entertainment,Comedy / Entertainment:1
Ben Shapiro,1,Politics / News,Politics / News:1
Wise Mind,1,Other,Other:1
One Percent Better,1,Other,Other:1
Combat Craig,1,Leadership / Military,Leadership / Military:1
Zooming In with Simone Gao,1,Finance / Wealth,Finance / Wealth:1
Gracie Jiu-jitsu Academy,1,Brazilian Jiu-Jitsu,Brazilian Jiu-Jitsu:1
Doctor Mike Diamonds,1,Health / Fitness,Health / Fitness:1
Smokiie “MusiicHead” Musiik,1,Music,Music:1
Fight SCIENCE,1,Other,Other:1
KVWinnin,1,Music,Music:1
MOTIVATIONTSOOU,1,Discipline / Mindset,Discipline / Mindset:1
David I Hill,1,Other,Other:1
Alux.com,1,Discipline / Mindset,Discipline / Mindset:1
Coach Daniel,1,Other,Other:1
JhayCortezVEVO,1,Music,Music:1
Varrosi OTR,1,Music,Music:1
dontripesgc1,1,Philosophy / Masculinity,Philosophy / Masculinity:1
Mind Motivation Coaching,1,Discipline / Mindset,Discipline / Mindset:1
I Love Barbershop,1,Other,Other:1
Nathan Min3r - Topic,1,Music,Music:1
The Science Of Success,1,Discipline / Mindset,Discipline / Mindset:1
IT Career Questions,1,Tech / AI / Systems,Tech / AI / Systems:1
Matt D'Avella,1,Business / Marketing,Business / Marketing:1
GQ,1,Music,Music:1
RIGHTEOUSDISORDER,1,Other,Other:1
Barbertown Worcester,1,Barber / Craft,Barber / Craft:1
ScreenRant,1,Finance / Wealth,Finance / Wealth:1
DesignCourse,1,Tech / AI / Systems,Tech / AI / Systems:1
مجربة Mojaraba TV,1,Other,Other:1
Peter Voogd,1,Finance / Wealth,Finance / Wealth:1
LaVar Walker TV,1,Comedy / Entertainment,Comedy / Entertainment:1
WION,1,Health / Fitness,Health / Fitness:1
Just Vlad,1,Tech / AI / Systems,Tech / AI / Systems:1
The 3D Printing Zone,1,Other,Other:1
ChrisWiles,1,Politics / News,Politics / News:1
Rob Moore,1,Business / Marketing,Business / Marketing:1
Piotrekz Productions,1,Discipline / Mindset,Discipline / Mindset:1
Alpha Male Strategies - AMS,1,Philosophy / Masculinity,Philosophy / Masculinity:1
Mark Moss,1,Finance / Wealth,Finance / Wealth:1
ESPN,1,Discipline / Mindset,Discipline / Mindset:1
bak2001,1,Music,Music:1
Transformation Church,1,Spiritual / Faith,Spiritual / Faith:1
Highly Sensitive Person Podcast,1,Other,Other:1
"Netflix Deutschland, Österreich und Schweiz",1,German Language,German Language:1
Candace van Dell,1,Philosophy / Masculinity,Philosophy / Masculinity:1
Jerry B. Jenkins,1,Other,Other:1
Seacoast Church,1,Spiritual / Faith,Spiritual / Faith:1
YouAreCreators2,1,Discipline / Mindset,Discipline / Mindset:1
djvlad,1,Music,Music:1
Intelligence Squared,1,Discipline / Mindset,Discipline / Mindset:1
Adrian Haynes,1,Other,Other:1
Catalin Matei,1,Business / Marketing,Business / Marketing:1
Bob Baker Affirmations,1,Finance / Wealth,Finance / Wealth:1
A2Z Production,1,Brazilian Jiu-Jitsu,Brazilian Jiu-Jitsu:1
Simulation,1,Finance / Wealth,Finance / Wealth:1
theJourneyofPurpose TJOP,1,Other,Other:1
LibertyPen,1,Politics / News,Politics / News:1
LRN2DIY,1,Other,Other:1
America First America Forever,1,Discipline / Mindset,Discipline / Mindset:1
First Things First,1,Other,Other:1
Joseph Vincent,1,History / Documentary,History / Documentary:1
Airbrush Asylum,1,Music,Music:1
Boyce Watkins,1,Finance / Wealth,Finance / Wealth:1
Stand Up Comedy,1,Comedy / Entertainment,Comedy / Entertainment:1
Pragmatic Entertainment,1,Other,Other:1
TheAsianRepublican,1,Politics / News,Politics / News:1
TK Bay,1,Tech / AI / Systems,Tech / AI / Systems:1
Jam I Am,1,Music,Music:1
Motivation GURU,1,Discipline / Mindset,Discipline / Mindset:1
concept barbershop,1,Barber / Craft,Barber / Craft:1
The Clipper Dr.,1,Other,Other:1
Facts Verse,1,Comedy / Entertainment,Comedy / Entertainment:1
Rilès,1,Music,Music:1
FOX Sports,1,Other,Other:1
Mike Tyson,1,Comedy / Entertainment,Comedy / Entertainment:1
TheUnlockr,1,Tech / AI / Systems,Tech / AI / Systems:1
Prophecy Update Videos,1,Spiritual / Faith,Spiritual / Faith:1
just watch,1,Discipline / Mindset,Discipline / Mindset:1
RHOMBRA®,1,Other,Other:1
Kidd Kidd,1,Music,Music:1
Peaceful Scriptures,1,Spiritual / Faith,Spiritual / Faith:1
TecH MoE,1,Finance / Wealth,Finance / Wealth:1
6TeddyMc9,1,Barber / Craft,Barber / Craft:1
grindhardtv,1,Music,Music:1
Teachingmensfashion,1,Barber / Craft,Barber / Craft:1
Sharky Charts,1,Discipline / Mindset,Discipline / Mindset:1
Kodak Black,1,Brazilian Jiu-Jitsu,Brazilian Jiu-Jitsu:1
Important for the World,1,Philosophy / Masculinity,Philosophy / Masculinity:1
Vertex Records,1,Music,Music:1
RealLifeLore,1,History / Documentary,History / Documentary:1
Luizinhovlz,1,Barber / Craft,Barber / Craft:1
Matt Giftedhands,1,Barber / Craft,Barber / Craft:1
The Barber Teezy,1,Other,Other:1
Soul Shutter by Ron,1,Other,Other:1
Redonkulas Regiment,1,Philosophy / Masculinity,Philosophy / Masculinity:1
DSD,1,Health / Fitness,Health / Fitness:1
alpha m.,1,Philosophy / Masculinity,Philosophy / Masculinity:1
NollaGirl504,1,Philosophy / Masculinity,Philosophy / Masculinity:1
Neil Patel,1,Business / Marketing,Business / Marketing:1
The Alan Cox Show,1,Comedy / Entertainment,Comedy / Entertainment:1
Jeven Dovey,1,Other,Other:1
jade darmawangsa,1,Business / Marketing,Business / Marketing:1
Concord Jazz,1,Music,Music:1
Digital Marketing Tips Your Charisma,1,Business / Marketing,Business / Marketing:1
Ryan Scribner,1,Finance / Wealth,Finance / Wealth:1
PabelR7,1,Music,Music:1
House Of Thought,1,Discipline / Mindset,Discipline / Mindset:1
EmpireFoxVEVO,1,Music,Music:1
Will Stamm,1,Barber / Craft,Barber / Craft:1
TheSalonGuy,1,Barber / Craft,Barber / Craft:1
Larry The Barberman,1,Barber / Craft,Barber / Craft:1
Best barber in Atlanta ,1,Barber / Craft,Barber / Craft:1
Quinny,1,Music,Music:1
Steve the Barber,1,Barber / Craft,Barber / Craft:1
WoodwardTV,1,Business / Marketing,Business / Marketing:1
Tips for Clips - Haircutting,1,Barber / Craft,Barber / Craft:1
Dorian Barber,1,Barber / Craft,Barber / Craft:1
BarberShopCashFlow,1,Barber / Craft,Barber / Craft:1
Florin Harsan Official,1,Barber / Craft,Barber / Craft:1
Randythebarber,1,Barber / Craft,Barber / Craft:1
Gracie X,1,Other,Other:1
Kyle Hi,1,Discipline / Mindset,Discipline / Mindset:1
Jorge Zepeda,1,Barber / Craft,Barber / Craft:1
Lon.TV,1,Tech / AI / Systems,Tech / AI / Systems:1
longua.org,1,German Language,German Language:1
K Kasuko,1,German Language,German Language:1
VintageDawkins,1,Other,Other:1
TV Box & Mini PC,1,Tech / AI / Systems,Tech / AI / Systems:1
PHP,1,Discipline / Mindset,Discipline / Mindset:1
RDCworld1,1,Discipline / Mindset,Discipline / Mindset:1
MRTV - MIXED REALITY TV,1,Tech / AI / Systems,Tech / AI / Systems:1
Elijah Emmanuel,1,Spiritual / Faith,Spiritual / Faith:1
Burr Archives,1,Comedy / Entertainment,Comedy / Entertainment:1
Laugh Factory,1,Comedy / Entertainment,Comedy / Entertainment:1
Independence Baptist Church,1,Spiritual / Faith,Spiritual / Faith:1
Origins Explained,1,Other,Other:1
Chigz Tech Reviews,1,Tech / AI / Systems,Tech / AI / Systems:1
Maddalena Denicola,1,German Language,German Language:1
Listen More Speak Naturally -English French German,1,German Language,German Language:1
SFEG FUTURE VISUAL PROJECTION SCREENS ,1,Tech / AI / Systems,Tech / AI / Systems:1
FarFromAverage,1,Discipline / Mindset,Discipline / Mindset:1
Vox Atlanta,1,Tech / AI / Systems,Tech / AI / Systems:1
Superhuman Troy,1,Health / Fitness,Health / Fitness:1
Caan Berry Pro Trader,1,Finance / Wealth,Finance / Wealth:1
Wealth Hacker - Jeff Rose,1,Finance / Wealth,Finance / Wealth:1
Household Hacker,1,Other,Other:1
The Money GPS,1,Finance / Wealth,Finance / Wealth:1
TechDaily,1,Music,Music:1
Civil Disturbia,1,Politics / News,Politics / News:1
Producer Director Terrence Thompson,1,Discipline / Mindset,Discipline / Mindset:1
Adam Wamsley,1,Other,Other:1
HungEker,1,Music,Music:1
rockboy1138,1,Other,Other:1
UpswingPoker,1,Discipline / Mindset,Discipline / Mindset:1
Diary of Bobby,1,Philosophy / Masculinity,Philosophy / Masculinity:1
Daniel Ally,1,Business / Marketing,Business / Marketing:1
Nataleo,1,Philosophy / Masculinity,Philosophy / Masculinity:1
Geeks Tutorial,1,Other,Other:1
Garen Phillips,1,Finance / Wealth,Finance / Wealth:1
Nookespaceyoga,1,Barber / Craft,Barber / Craft:1
Conscious Poker by Alec Torelli,1,Business / Marketing,Business / Marketing:1
Word Porn,1,Discipline / Mindset,Discipline / Mindset:1
Courage Is Standing Up Alone,1,Philosophy / Masculinity,Philosophy / Masculinity:1
Truthstream Media,1,Politics / News,Politics / News:1
KamaTV,1,Other,Other:1
Nate Matthews,1,Barber / Craft,Barber / Craft:1
IRONMUHAMMAD68,1,Other,Other:1
MC Barber,1,Barber / Craft,Barber / Craft:1
Crypto Messenger,1,Other,Other:1
BRIGHT SIDE,1,Other,Other:1
zorosoro,1,Other,Other:1
thirdeaglebooks,1,Politics / News,Politics / News:1
Bradley Martyn,1,Health / Fitness,Health / Fitness:1
MotivationGrid,1,Discipline / Mindset,Discipline / Mindset:1
TimeClassics,1,Other,Other:1
PowerThoughts Meditation Club,1,Health / Fitness,Health / Fitness:1
MsThinkology The Brain And Mind Unlocked,1,Discipline / Mindset,Discipline / Mindset:1
Gabriel Sey,1,Health / Fitness,Health / Fitness:1
Hodge Twins,1,Health / Fitness,Health / Fitness:1
askhodgetwins,1,Other,Other:1
Bo Eason,1,Discipline / Mindset,Discipline / Mindset:1
Shannon Rice Lewis,1,Philosophy / Masculinity,Philosophy / Masculinity:1
Mark Dice,1,Politics / News,Politics / News:1
MegalohOfficial,1,Music,Music:1
Joe Amoia - Spiritual Dating,1,Philosophy / Masculinity,Philosophy / Masculinity:1
Actualized.org,1,Discipline / Mindset,Discipline / Mindset:1
ONE | A Potter's House Church,1,Spiritual / Faith,Spiritual / Faith:1
BasketballBrain,1,Other,Other:1
SportsLuvr,1,Music,Music:1
Google Zeitgeist,1,Business / Marketing,Business / Marketing:1
Affected Collective,1,Politics / News,Politics / News:1
LifeHunters,1,History / Documentary,History / Documentary:1
hoohoohoorobin,1,Comedy / Entertainment,Comedy / Entertainment:1
Frunkis,1,Philosophy / Masculinity,Philosophy / Masculinity:1
Rebel News Canada,1,Politics / News,Politics / News:1
DW Documentary,1,Music,Music:1
CBC News,1,Politics / News,Politics / News:1
ISRAEL CONNECTION ,1,Spiritual / Faith,Spiritual / Faith:1
FaceLikeTheSun,1,Spiritual / Faith,Spiritual / Faith:1
Mateusz M,1,Music,Music:1
Tristan Haggard,1,Health / Fitness,Health / Fitness:1
Joseph Everett - WIL,1,Health / Fitness,Health / Fitness:1
Jason A,1,Politics / News,Politics / News:1
Charles Veitch,1,Other,Other:1
Bearing Arms' Cam & Co,1,Philosophy / Masculinity,Philosophy / Masculinity:1
Love Can't Wait,1,Philosophy / Masculinity,Philosophy / Masculinity:1
Freshtastical,1,Finance / Wealth,Finance / Wealth:1
IAMHH Temple,1,Other,Other:1
Yvonne Catterfeld,1,Music,Music:1
CBE SWAGSOMEAN,1,Music,Music:1
IAMAHEBREW12,1,Other,Other:1
June Collier,1,Finance / Wealth,Finance / Wealth:1
Barbershop Conversations,1,Spiritual / Faith,Spiritual / Faith:1
Visit Dubai,1,Other,Other:1
CNN,1,Politics / News,Politics / News:1
Viryava | Sacred Forest Music,1,Music,Music:1
SpineCare Decompression and Chiropractic Center,1,Other,Other:1
Coach Matt BJJ,1,Brazilian Jiu-Jitsu,Brazilian Jiu-Jitsu:1
IUIC HOUSTON,1,Spiritual / Faith,Spiritual / Faith:1
